ticker,first_eligible_date,last_eligible_date,eligibility_basis,source,confidence,notes
ACHR,2020-12-18,,first_loaded_price_date,loaded_price_history_and_reviewed_overrides,0.70,first_loaded_price=2020-12-18; prior_membership_start=2010-01-01; prior_membership_end=
AIR,2010-01-04,,first_loaded_price_date,loaded_price_history_and_reviewed_overrides,0.70,first_loaded_price=2010-01-04; prior_membership_start=2010-01-01; prior_membership_end=
AIRI,2010-01-04,,first_loaded_price_date,loaded_price_history_and_reviewed_overrides,0.70,first_loaded_price=2010-01-04; prior_membership_start=2010-01-01; prior_membership_end=
AIRO,2025-06-13,,first_loaded_price_date,loaded_price_history_and_reviewed_overrides,0.70,first_loaded_price=2025-06-13; prior_membership_start=2010-01-01; prior_membership_end=
ARXS,2026-04-16,,first_loaded_price_date,loaded_price_history_and_reviewed_overrides,0.70,first_loaded_price=2026-04-16; prior_membership_start=2010-01-01; prior_membership_end=
ATI,2010-01-04,,first_loaded_price_date,loaded_price_history_and_reviewed_overrides,0.70,first_loaded_price=2010-01-04; prior_membership_start=2010-01-01; prior_membership_end=
ATRO,2010-01-04,,first_loaded_price_date,loaded_price_history_and_reviewed_overrides,0.70,first_loaded_price=2010-01-04; prior_membership_start=2010-01-01; prior_membership_end=
AVAV,2010-01-04,,first_loaded_price_date,loaded_price_history_and_reviewed_overrides,0.70,first_loaded_price=2010-01-04; prior_membership_start=2010-01-01; prior_membership_end=
AVEX,2026-04-17,,first_loaded_price_date,loaded_price_history_and_reviewed_overrides,0.70,first_loaded_price=2026-04-17; prior_membership_start=2010-01-01; prior_membership_end=
AXON,2010-01-04,,first_loaded_price_date,loaded_price_history_and_reviewed_overrides,0.70,first_loaded_price=2010-01-04; prior_membership_start=2010-01-01; prior_membership_end=
BA,2010-01-04,,first_loaded_price_date,loaded_price_history_and_reviewed_overrides,0.70,first_loaded_price=2010-01-04; prior_membership_start=2010-01-01; prior_membership_end=
BAH,2010-11-18,,first_loaded_price_date,loaded_price_history_and_reviewed_overrides,0.70,first_loaded_price=2010-11-18; prior_membership_start=2010-01-01; prior_membership_end=
BBAI,2021-04-05,,first_loaded_price_date,loaded_price_history_and_reviewed_overrides,0.70,first_loaded_price=2021-04-05; prior_membership_start=2010-01-01; prior_membership_end=
BETA,2025-11-04,,first_loaded_price_date,loaded_price_history_and_reviewed_overrides,0.70,first_loaded_price=2025-11-04; prior_membership_start=2010-01-01; prior_membership_end=
BKSY,2019-12-20,,first_loaded_price_date,loaded_price_history_and_reviewed_overrides,0.70,first_loaded_price=2019-12-20; prior_membership_start=2010-01-01; prior_membership_end=
BWXT,2010-08-02,,first_loaded_price_date,loaded_price_history_and_reviewed_overrides,0.70,first_loaded_price=2010-08-02; prior_membership_start=2010-01-01; prior_membership_end=
BYRN,2010-01-04,,first_loaded_price_date,loaded_price_history_and_reviewed_overrides,0.70,first_loaded_price=2010-01-04; prior_membership_start=2010-01-01; prior_membership_end=
CACI,2010-01-04,,first_loaded_price_date,loaded_price_history_and_reviewed_overrides,0.70,first_loaded_price=2010-01-04; prior_membership_start=2010-01-01; prior_membership_end=
CAE,2010-01-04,,first_loaded_price_date,loaded_price_history_and_reviewed_overrides,0.70,first_loaded_price=2010-01-04; prior_membership_start=2010-01-01; prior_membership_end=
CDRE,2021-11-04,,first_loaded_price_date,loaded_price_history_and_reviewed_overrides,0.70,first_loaded_price=2021-11-04; prior_membership_start=2010-01-01; prior_membership_end=
CODA,2010-01-04,,first_loaded_price_date,loaded_price_history_and_reviewed_overrides,0.70,first_loaded_price=2010-01-04; prior_membership_start=2010-01-01; prior_membership_end=
CRS,2010-01-04,,first_loaded_price_date,loaded_price_history_and_reviewed_overrides,0.70,first_loaded_price=2010-01-04; prior_membership_start=2010-01-01; prior_membership_end=
CVU,2010-01-04,,first_loaded_price_date,loaded_price_history_and_reviewed_overrides,0.70,first_loaded_price=2010-01-04; prior_membership_start=2010-01-01; prior_membership_end=
CW,2010-01-04,,first_loaded_price_date,loaded_price_history_and_reviewed_overrides,0.70,first_loaded_price=2010-01-04; prior_membership_start=2010-01-01; prior_membership_end=
DCO,2010-01-04,,first_loaded_price_date,loaded_price_history_and_reviewed_overrides,0.70,first_loaded_price=2010-01-04; prior_membership_start=2010-01-01; prior_membership_end=
DPC,2026-06-25,,first_loaded_price_date,loaded_price_history_and_reviewed_overrides,0.70,first_loaded_price=2026-06-25; prior_membership_start=2010-01-01; prior_membership_end=
DRS,2022-11-21,,manual_ticker_reuse_override,loaded_price_history_and_reviewed_overrides,0.95,Leonardo DRS active ticker; pre-2022 DRS price history belongs to a prior/reused symbol and must be excluded from PIT panels. first_loaded_price=2010-01-04; prior_membership_start=2010-01-01; prior_membership_end=
DUKR,2021-01-08,,first_loaded_price_date,loaded_price_history_and_reviewed_overrides,0.70,first_loaded_price=2021-01-08; prior_membership_start=2010-01-01; prior_membership_end=
ELMT,2026-04-23,,first_loaded_price_date,loaded_price_history_and_reviewed_overrides,0.70,first_loaded_price=2026-04-23; prior_membership_start=2010-01-01; prior_membership_end=
EMBJ,2010-01-04,,first_loaded_price_date,loaded_price_history_and_reviewed_overrides,0.70,first_loaded_price=2010-01-04; prior_membership_start=2010-01-01; prior_membership_end=
ESLT,2010-01-04,,first_loaded_price_date,loaded_price_history_and_reviewed_overrides,0.70,first_loaded_price=2010-01-04; prior_membership_start=2010-01-01; prior_membership_end=
EVEX,2022-05-10,,first_loaded_price_date,loaded_price_history_and_reviewed_overrides,0.70,first_loaded_price=2022-05-10; prior_membership_start=2010-01-01; prior_membership_end=
EVTL,2020-11-02,,first_loaded_price_date,loaded_price_history_and_reviewed_overrides,0.70,first_loaded_price=2020-11-02; prior_membership_start=2010-01-01; prior_membership_end=
FJET,2025-12-18,,first_loaded_price_date,loaded_price_history_and_reviewed_overrides,0.70,first_loaded_price=2025-12-18; prior_membership_start=2010-01-01; prior_membership_end=
FLY,2025-08-07,,first_loaded_price_date,loaded_price_history_and_reviewed_overrides,0.70,first_loaded_price=2025-08-07; prior_membership_start=2010-01-01; prior_membership_end=
FTAI,2015-05-14,,first_loaded_price_date,loaded_price_history_and_reviewed_overrides,0.70,first_loaded_price=2015-05-14; prior_membership_start=2010-01-01; prior_membership_end=
GD,2010-01-04,,first_loaded_price_date,loaded_price_history_and_reviewed_overrides,0.70,first_loaded_price=2010-01-04; prior_membership_start=2010-01-01; prior_membership_end=
GE,2010-01-04,,first_loaded_price_date,loaded_price_history_and_reviewed_overrides,0.70,first_loaded_price=2010-01-04; prior_membership_start=2010-01-01; prior_membership_end=
HAWK,2026-05-07,,first_loaded_price_date,loaded_price_history_and_reviewed_overrides,0.70,first_loaded_price=2026-05-07; prior_membership_start=2010-01-01; prior_membership_end=
HEI,2010-01-04,,first_loaded_price_date,loaded_price_history_and_reviewed_overrides,0.70,first_loaded_price=2010-01-04; prior_membership_start=2010-01-01; prior_membership_end=
HEI-A,2010-01-04,,first_loaded_price_date,loaded_price_history_and_reviewed_overrides,0.70,first_loaded_price=2010-01-04; prior_membership_start=2010-01-01; prior_membership_end=
HII,2011-03-22,,first_loaded_price_date,loaded_price_history_and_reviewed_overrides,0.70,first_loaded_price=2011-03-22; prior_membership_start=2010-01-01; prior_membership_end=
HONAV,2026-06-15,,first_loaded_price_date,loaded_price_history_and_reviewed_overrides,0.70,first_loaded_price=2026-06-15; prior_membership_start=2010-01-01; prior_membership_end=
HOVR,2023-04-03,,first_loaded_price_date,loaded_price_history_and_reviewed_overrides,0.70,first_loaded_price=2023-04-03; prior_membership_start=2010-01-01; prior_membership_end=
HWM,2016-11-01,,first_loaded_price_date,loaded_price_history_and_reviewed_overrides,0.70,first_loaded_price=2016-11-01; prior_membership_start=2010-01-01; prior_membership_end=
HXL,2010-01-04,,first_loaded_price_date,loaded_price_history_and_reviewed_overrides,0.70,first_loaded_price=2010-01-04; prior_membership_start=2010-01-01; prior_membership_end=
ISSC,2010-01-04,,first_loaded_price_date,loaded_price_history_and_reviewed_overrides,0.70,first_loaded_price=2010-01-04; prior_membership_start=2010-01-01; prior_membership_end=
KBR,2010-01-04,,first_loaded_price_date,loaded_price_history_and_reviewed_overrides,0.70,first_loaded_price=2010-01-04; prior_membership_start=2010-01-01; prior_membership_end=
KRMN,2025-02-13,,first_loaded_price_date,loaded_price_history_and_reviewed_overrides,0.70,first_loaded_price=2025-02-13; prior_membership_start=2010-01-01; prior_membership_end=
KTOS,2010-01-04,,first_loaded_price_date,loaded_price_history_and_reviewed_overrides,0.70,first_loaded_price=2010-01-04; prior_membership_start=2010-01-01; prior_membership_end=
LDOS,2010-01-04,,first_loaded_price_date,loaded_price_history_and_reviewed_overrides,0.70,first_loaded_price=2010-01-04; prior_membership_start=2010-01-01; prior_membership_end=
LHX,2010-01-04,,first_loaded_price_date,loaded_price_history_and_reviewed_overrides,0.70,first_loaded_price=2010-01-04; prior_membership_start=2010-01-01; prior_membership_end=
LMT,2010-01-04,,first_loaded_price_date,loaded_price_history_and_reviewed_overrides,0.70,first_loaded_price=2010-01-04; prior_membership_start=2010-01-01; prior_membership_end=
LOAR,2024-04-25,,first_loaded_price_date,loaded_price_history_and_reviewed_overrides,0.70,first_loaded_price=2024-04-25; prior_membership_start=2010-01-01; prior_membership_end=
LUNR,2021-11-17,,first_loaded_price_date,loaded_price_history_and_reviewed_overrides,0.70,first_loaded_price=2021-11-17; prior_membership_start=2010-01-01; prior_membership_end=
MDA,2026-03-12,,first_loaded_price_date,loaded_price_history_and_reviewed_overrides,0.70,first_loaded_price=2026-03-12; prior_membership_start=2010-01-01; prior_membership_end=
MNTS,2020-01-02,,first_loaded_price_date,loaded_price_history_and_reviewed_overrides,0.70,first_loaded_price=2020-01-02; prior_membership_start=2010-01-01; prior_membership_end=
MOB,2022-08-25,,first_loaded_price_date,loaded_price_history_and_reviewed_overrides,0.70,first_loaded_price=2022-08-25; prior_membership_start=2010-01-01; prior_membership_end=
MOG-A,2010-01-04,,first_loaded_price_date,loaded_price_history_and_reviewed_overrides,0.70,first_loaded_price=2010-01-04; prior_membership_start=2010-01-01; prior_membership_end=
MOG-B,2010-01-04,,first_loaded_price_date,loaded_price_history_and_reviewed_overrides,0.70,first_loaded_price=2010-01-04; prior_membership_start=2010-01-01; prior_membership_end=
MRCY,2010-01-04,,first_loaded_price_date,loaded_price_history_and_reviewed_overrides,0.70,first_loaded_price=2010-01-04; prior_membership_start=2010-01-01; prior_membership_end=
MRLN,2024-12-02,,first_loaded_price_date,loaded_price_history_and_reviewed_overrides,0.70,first_loaded_price=2024-12-02; prior_membership_start=2010-01-01; prior_membership_end=
NOC,2010-01-04,,first_loaded_price_date,loaded_price_history_and_reviewed_overrides,0.70,first_loaded_price=2010-01-04; prior_membership_start=2010-01-01; prior_membership_end=
NPK,2010-01-04,,first_loaded_price_date,loaded_price_history_and_reviewed_overrides,0.70,first_loaded_price=2010-01-04; prior_membership_start=2010-01-01; prior_membership_end=
OPXS,2010-05-03,,first_loaded_price_date,loaded_price_history_and_reviewed_overrides,0.70,first_loaded_price=2010-05-03; prior_membership_start=2010-01-01; prior_membership_end=
OSIS,2010-01-04,,first_loaded_price_date,loaded_price_history_and_reviewed_overrides,0.70,first_loaded_price=2010-01-04; prior_membership_start=2010-01-01; prior_membership_end=
PKE,2010-01-04,,first_loaded_price_date,loaded_price_history_and_reviewed_overrides,0.70,first_loaded_price=2010-01-04; prior_membership_start=2010-01-01; prior_membership_end=
PL,2021-04-26,,first_loaded_price_date,loaded_price_history_and_reviewed_overrides,0.70,first_loaded_price=2021-04-26; prior_membership_start=2010-01-01; prior_membership_end=
PLTR,2020-09-30,,first_loaded_price_date,loaded_price_history_and_reviewed_overrides,0.70,first_loaded_price=2020-09-30; prior_membership_start=2010-01-01; prior_membership_end=
POWW,2017-02-07,,first_loaded_price_date,loaded_price_history_and_reviewed_overrides,0.70,first_loaded_price=2017-02-07; prior_membership_start=2010-01-01; prior_membership_end=
PSN,2019-05-08,,first_loaded_price_date,loaded_price_history_and_reviewed_overrides,0.70,first_loaded_price=2019-05-08; prior_membership_start=2010-01-01; prior_membership_end=
RCAT,2010-01-04,,first_loaded_price_date,loaded_price_history_and_reviewed_overrides,0.70,first_loaded_price=2010-01-04; prior_membership_start=2010-01-01; prior_membership_end=
RDW,2021-01-14,,first_loaded_price_date,loaded_price_history_and_reviewed_overrides,0.70,first_loaded_price=2021-01-14; prior_membership_start=2010-01-01; prior_membership_end=
RGR,2010-01-04,,first_loaded_price_date,loaded_price_history_and_reviewed_overrides,0.70,first_loaded_price=2010-01-04; prior_membership_start=2010-01-01; prior_membership_end=
RKLB,2020-11-24,,first_loaded_price_date,loaded_price_history_and_reviewed_overrides,0.70,first_loaded_price=2020-11-24; prior_membership_start=2010-01-01; prior_membership_end=
RTX,2010-01-04,,first_loaded_price_date,loaded_price_history_and_reviewed_overrides,0.70,first_loaded_price=2010-01-04; prior_membership_start=2010-01-01; prior_membership_end=
SAIC,2013-09-16,,first_loaded_price_date,loaded_price_history_and_reviewed_overrides,0.70,first_loaded_price=2013-09-16; prior_membership_start=2010-01-01; prior_membership_end=
SARO,2024-10-02,,first_loaded_price_date,loaded_price_history_and_reviewed_overrides,0.70,first_loaded_price=2024-10-02; prior_membership_start=2010-01-01; prior_membership_end=
SATL,2021-03-26,,first_loaded_price_date,loaded_price_history_and_reviewed_overrides,0.70,first_loaded_price=2021-03-26; prior_membership_start=2010-01-01; prior_membership_end=
SIDU,2021-12-14,,first_loaded_price_date,loaded_price_history_and_reviewed_overrides,0.70,first_loaded_price=2021-12-14; prior_membership_start=2010-01-01; prior_membership_end=
SIF,2010-01-04,,first_loaded_price_date,loaded_price_history_and_reviewed_overrides,0.70,first_loaded_price=2010-01-04; prior_membership_start=2010-01-01; prior_membership_end=
SPAI,2024-08-28,,first_loaded_price_date,loaded_price_history_and_reviewed_overrides,0.70,first_loaded_price=2024-08-28; prior_membership_start=2010-01-01; prior_membership_end=
SPCX,2026-06-12,,first_loaded_price_date,loaded_price_history_and_reviewed_overrides,0.70,first_loaded_price=2026-06-12; prior_membership_start=2010-01-01; prior_membership_end=
SWBI,2010-01-04,,first_loaded_price_date,loaded_price_history_and_reviewed_overrides,0.70,first_loaded_price=2010-01-04; prior_membership_start=2010-01-01; prior_membership_end=
TATT,2010-01-04,,first_loaded_price_date,loaded_price_history_and_reviewed_overrides,0.70,first_loaded_price=2010-01-04; prior_membership_start=2010-01-01; prior_membership_end=
TDG,2010-01-04,,first_loaded_price_date,loaded_price_history_and_reviewed_overrides,0.70,first_loaded_price=2010-01-04; prior_membership_start=2010-01-01; prior_membership_end=
TDY,2010-01-04,,first_loaded_price_date,loaded_price_history_and_reviewed_overrides,0.70,first_loaded_price=2010-01-04; prior_membership_start=2010-01-01; prior_membership_end=
TXT,2010-01-04,,first_loaded_price_date,loaded_price_history_and_reviewed_overrides,0.70,first_loaded_price=2010-01-04; prior_membership_start=2010-01-01; prior_membership_end=
VOYG,2025-06-11,,first_loaded_price_date,loaded_price_history_and_reviewed_overrides,0.70,first_loaded_price=2025-06-11; prior_membership_start=2010-01-01; prior_membership_end=
VSEC,2010-01-04,,first_loaded_price_date,loaded_price_history_and_reviewed_overrides,0.70,first_loaded_price=2010-01-04; prior_membership_start=2010-01-01; prior_membership_end=
VVX,2014-09-16,,first_loaded_price_date,loaded_price_history_and_reviewed_overrides,0.70,first_loaded_price=2014-09-16; prior_membership_start=2010-01-01; prior_membership_end=
VWAV,2025-07-15,,first_loaded_price_date,loaded_price_history_and_reviewed_overrides,0.70,first_loaded_price=2025-07-15; prior_membership_start=2010-01-01; prior_membership_end=
WWD,2010-01-04,,first_loaded_price_date,loaded_price_history_and_reviewed_overrides,0.70,first_loaded_price=2010-01-04; prior_membership_start=2010-01-01; prior_membership_end=
XTIA,2012-08-03,,first_loaded_price_date,loaded_price_history_and_reviewed_overrides,0.70,first_loaded_price=2012-08-03; prior_membership_start=2010-01-01; prior_membership_end=
YSS,2026-01-29,,first_loaded_price_date,loaded_price_history_and_reviewed_overrides,0.70,first_loaded_price=2026-01-29; prior_membership_start=2010-01-01; prior_membership_end=
AJRD,2000-01-03,2023-12-31,first_loaded_price_date,loaded_price_history_and_reviewed_overrides,0.70,first_loaded_price=2000-01-03; prior_membership_start=2000-01-01; prior_membership_end=2023-12-31
APSG,2000-01-03,2011-12-31,first_loaded_price_date,loaded_price_history_and_reviewed_overrides,0.70,first_loaded_price=2000-01-03; prior_membership_start=2000-01-01; prior_membership_end=2011-12-31
ARTX,2000-01-03,2019-12-31,first_loaded_price_date,loaded_price_history_and_reviewed_overrides,0.70,first_loaded_price=2000-01-03; prior_membership_start=2000-01-01; prior_membership_end=2019-12-31
ASTR,2020-10-06,2024-12-31,first_loaded_price_date,loaded_price_history_and_reviewed_overrides,0.70,first_loaded_price=2020-10-06; prior_membership_start=2000-01-01; prior_membership_end=2024-12-31
ATK,2000-01-03,2015-12-31,first_loaded_price_date,loaded_price_history_and_reviewed_overrides,0.70,first_loaded_price=2000-01-03; prior_membership_start=2000-01-01; prior_membership_end=2015-12-31
ATNY,2005-11-15,2016-12-31,first_loaded_price_date,loaded_price_history_and_reviewed_overrides,0.70,first_loaded_price=2005-11-15; prior_membership_start=2000-01-01; prior_membership_end=2016-12-31
BEAV,2000-01-03,2017-12-31,first_loaded_price_date,loaded_price_history_and_reviewed_overrides,0.70,first_loaded_price=2000-01-03; prior_membership_start=2000-01-01; prior_membership_end=2017-12-31
COL,2001-06-15,2018-12-31,first_loaded_price_date,loaded_price_history_and_reviewed_overrides,0.70,first_loaded_price=2001-06-15; prior_membership_start=2000-01-01; prior_membership_end=2018-12-31
CSRA,2015-11-16,2018-12-31,first_loaded_price_date,loaded_price_history_and_reviewed_overrides,0.70,first_loaded_price=2015-11-16; prior_membership_start=2000-01-01; prior_membership_end=2018-12-31
CUB,2000-01-03,2021-12-31,first_loaded_price_date,loaded_price_history_and_reviewed_overrides,0.70,first_loaded_price=2000-01-03; prior_membership_start=2000-01-01; prior_membership_end=2021-12-31
DRS-DEL2008,2000-01-03,2008-12-31,first_loaded_price_date,loaded_price_history_and_reviewed_overrides,0.70,first_loaded_price=2000-01-03; prior_membership_start=2000-01-01; prior_membership_end=2008-12-31
EGL,2012-07-09,2019-12-31,first_loaded_price_date,loaded_price_history_and_reviewed_overrides,0.70,first_loaded_price=2012-07-09; prior_membership_start=2000-01-01; prior_membership_end=2019-12-31
ESL,2000-01-03,2019-12-31,first_loaded_price_date,loaded_price_history_and_reviewed_overrides,0.70,first_loaded_price=2000-01-03; prior_membership_start=2000-01-01; prior_membership_end=2019-12-31
GEOY,2004-01-13,2013-12-31,first_loaded_price_date,loaded_price_history_and_reviewed_overrides,0.70,first_loaded_price=2004-01-13; prior_membership_start=2000-01-01; prior_membership_end=2013-12-31
GR,2000-01-03,2012-12-31,first_loaded_price_date,loaded_price_history_and_reviewed_overrides,0.70,first_loaded_price=2000-01-03; prior_membership_start=2000-01-01; prior_membership_end=2012-12-31
HRLY,2000-01-03,2011-12-31,first_loaded_price_date,loaded_price_history_and_reviewed_overrides,0.70,first_loaded_price=2000-01-03; prior_membership_start=2000-01-01; prior_membership_end=2011-12-31
HRS,2000-01-03,2019-12-31,first_loaded_price_date,loaded_price_history_and_reviewed_overrides,0.70,first_loaded_price=2000-01-03; prior_membership_start=2000-01-01; prior_membership_end=2019-12-31
I,2013-04-18,2020-12-31,first_loaded_price_date,loaded_price_history_and_reviewed_overrides,0.70,first_loaded_price=2013-04-18; prior_membership_start=2000-01-01; prior_membership_end=2020-12-31
KAMN,2000-01-03,2024-12-31,first_loaded_price_date,loaded_price_history_and_reviewed_overrides,0.70,first_loaded_price=2000-01-03; prior_membership_start=2000-01-01; prior_membership_end=2024-12-31
KEYW,2010-10-01,2019-12-31,first_loaded_price_date,loaded_price_history_and_reviewed_overrides,0.70,first_loaded_price=2010-10-01; prior_membership_start=2000-01-01; prior_membership_end=2019-12-31
LDSH,2000-01-03,2011-12-31,first_loaded_price_date,loaded_price_history_and_reviewed_overrides,0.70,first_loaded_price=2000-01-03; prior_membership_start=2000-01-01; prior_membership_end=2011-12-31
LILM,2020-11-23,2024-12-31,first_loaded_price_date,loaded_price_history_and_reviewed_overrides,0.70,first_loaded_price=2020-11-23; prior_membership_start=2000-01-01; prior_membership_end=2024-12-31
LLAP,2021-04-26,2024-12-31,first_loaded_price_date,loaded_price_history_and_reviewed_overrides,0.70,first_loaded_price=2021-04-26; prior_membership_start=2000-01-01; prior_membership_end=2024-12-31
LLL,2000-01-03,2019-12-31,first_loaded_price_date,loaded_price_history_and_reviewed_overrides,0.70,first_loaded_price=2000-01-03; prior_membership_start=2000-01-01; prior_membership_end=2019-12-31
LORL,2005-07-27,2021-12-31,first_loaded_price_date,loaded_price_history_and_reviewed_overrides,0.70,first_loaded_price=2005-07-27; prior_membership_start=2000-01-01; prior_membership_end=2021-12-31
MANT,2002-02-07,2022-12-31,first_loaded_price_date,loaded_price_history_and_reviewed_overrides,0.70,first_loaded_price=2002-02-07; prior_membership_start=2000-01-01; prior_membership_end=2022-12-31
MAXR,2003-12-03,2023-12-31,first_loaded_price_date,loaded_price_history_and_reviewed_overrides,0.70,first_loaded_price=2003-12-03; prior_membership_start=2000-01-01; prior_membership_end=2023-12-31
OA,2000-01-03,2018-12-31,first_loaded_price_date,loaded_price_history_and_reviewed_overrides,0.70,first_loaded_price=2000-01-03; prior_membership_start=2000-01-01; prior_membership_end=2018-12-31
ORB,2000-01-03,2015-12-31,first_loaded_price_date,loaded_price_history_and_reviewed_overrides,0.70,first_loaded_price=2000-01-03; prior_membership_start=2000-01-01; prior_membership_end=2015-12-31
ORBC,2006-11-03,2021-12-31,first_loaded_price_date,loaded_price_history_and_reviewed_overrides,0.70,first_loaded_price=2006-11-03; prior_membership_start=2000-01-01; prior_membership_end=2021-12-31
PAE,2018-10-31,2022-12-31,first_loaded_price_date,loaded_price_history_and_reviewed_overrides,0.70,first_loaded_price=2018-10-31; prior_membership_start=2000-01-01; prior_membership_end=2022-12-31
PCP,2000-01-03,2016-12-31,first_loaded_price_date,loaded_price_history_and_reviewed_overrides,0.70,first_loaded_price=2000-01-03; prior_membership_start=2000-01-01; prior_membership_end=2016-12-31
PRSP,2018-05-24,2021-12-31,first_loaded_price_date,loaded_price_history_and_reviewed_overrides,0.70,first_loaded_price=2018-05-24; prior_membership_start=2000-01-01; prior_membership_end=2021-12-31
RTI,2000-01-03,2015-12-31,first_loaded_price_date,loaded_price_history_and_reviewed_overrides,0.70,first_loaded_price=2000-01-03; prior_membership_start=2000-01-01; prior_membership_end=2015-12-31
RTN,2000-01-03,2020-12-31,first_loaded_price_date,loaded_price_history_and_reviewed_overrides,0.70,first_loaded_price=2000-01-03; prior_membership_start=2000-01-01; prior_membership_end=2020-12-31
STST,2000-01-03,2010-12-31,first_loaded_price_date,loaded_price_history_and_reviewed_overrides,0.70,first_loaded_price=2000-01-03; prior_membership_start=2000-01-01; prior_membership_end=2010-12-31
UTX,2000-01-03,2020-12-31,first_loaded_price_date,loaded_price_history_and_reviewed_overrides,0.70,first_loaded_price=2000-01-03; prior_membership_start=2000-01-01; prior_membership_end=2020-12-31
VORB,2021-05-19,2023-12-31,first_loaded_price_date,loaded_price_history_and_reviewed_overrides,0.70,first_loaded_price=2021-05-19; prior_membership_start=2000-01-01; prior_membership_end=2023-12-31
WAIR,2011-07-28,2020-12-31,first_loaded_price_date,loaded_price_history_and_reviewed_overrides,0.70,first_loaded_price=2011-07-28; prior_membership_start=2000-01-01; prior_membership_end=2020-12-31
XLS,2011-10-13,2015-12-31,first_loaded_price_date,loaded_price_history_and_reviewed_overrides,0.70,first_loaded_price=2011-10-13; prior_membership_start=2000-01-01; prior_membership_end=2015-12-31
