ticker,expected_current_cohort,new_cohort,effective_date,reason
ARGX,late_clinical_pivotal_or_registrational,commercial_profitable_quality_or_mature,2026-08-31,user_approved_cohort_reorganization_20260830
PBYI,commercial_turnaround_or_unprofitable_growth,commercial_profitable_quality_or_mature,2026-08-31,user_approved_cohort_reorganization_20260830
PCRX,commercial_turnaround_or_unprofitable_growth,commercial_profitable_quality_or_mature,2026-08-31,user_approved_cohort_reorganization_20260830
GMAB,platform_partnered_modality_pipeline,commercial_profitable_quality_or_mature,2026-08-31,user_approved_cohort_reorganization_20260830
BCRX,early_clinical_speculative_or_single_asset_pipeline,commercial_profitable_quality_or_mature,2026-08-31,user_approved_cohort_reorganization_20260830
BBIO,late_clinical_pivotal_or_registrational,commercial_turnaround_or_unprofitable_growth,2026-08-31,user_approved_cohort_reorganization_20260830
RARE,late_clinical_pivotal_or_registrational,commercial_turnaround_or_unprofitable_growth,2026-08-31,user_approved_cohort_reorganization_20260830
IONS,late_clinical_pivotal_or_registrational,commercial_turnaround_or_unprofitable_growth,2026-08-31,user_approved_cohort_reorganization_20260830
ROIV,late_clinical_pivotal_or_registrational,commercial_turnaround_or_unprofitable_growth,2026-08-31,user_approved_cohort_reorganization_20260830
AUTL,platform_partnered_modality_pipeline,commercial_turnaround_or_unprofitable_growth,2026-08-31,user_approved_cohort_reorganization_20260830
IVVD,platform_partnered_modality_pipeline,commercial_turnaround_or_unprofitable_growth,2026-08-31,user_approved_cohort_reorganization_20260830
LEGN,platform_partnered_modality_pipeline,commercial_turnaround_or_unprofitable_growth,2026-08-31,user_approved_cohort_reorganization_20260830
PGEN,platform_partnered_modality_pipeline,commercial_turnaround_or_unprofitable_growth,2026-08-31,user_approved_cohort_reorganization_20260830
SPRY,platform_partnered_modality_pipeline,commercial_turnaround_or_unprofitable_growth,2026-08-31,user_approved_cohort_reorganization_20260830
VERA,platform_partnered_modality_pipeline,commercial_turnaround_or_unprofitable_growth,2026-08-31,user_approved_cohort_reorganization_20260830
VRDN,platform_partnered_modality_pipeline,commercial_turnaround_or_unprofitable_growth,2026-08-31,user_approved_cohort_reorganization_20260830
VSTM,platform_partnered_modality_pipeline,commercial_turnaround_or_unprofitable_growth,2026-08-31,user_approved_cohort_reorganization_20260830
ZVRA,platform_partnered_modality_pipeline,commercial_turnaround_or_unprofitable_growth,2026-08-31,user_approved_cohort_reorganization_20260830
ABEO,early_clinical_speculative_or_single_asset_pipeline,commercial_turnaround_or_unprofitable_growth,2026-08-31,user_approved_cohort_reorganization_20260830
ADCT,early_clinical_speculative_or_single_asset_pipeline,commercial_turnaround_or_unprofitable_growth,2026-08-31,user_approved_cohort_reorganization_20260830
CELC,early_clinical_speculative_or_single_asset_pipeline,commercial_turnaround_or_unprofitable_growth,2026-08-31,user_approved_cohort_reorganization_20260830
CHRS,early_clinical_speculative_or_single_asset_pipeline,commercial_turnaround_or_unprofitable_growth,2026-08-31,user_approved_cohort_reorganization_20260830
KURA,early_clinical_speculative_or_single_asset_pipeline,commercial_turnaround_or_unprofitable_growth,2026-08-31,user_approved_cohort_reorganization_20260830
LENZ,early_clinical_speculative_or_single_asset_pipeline,commercial_turnaround_or_unprofitable_growth,2026-08-31,user_approved_cohort_reorganization_20260830
OMER,early_clinical_speculative_or_single_asset_pipeline,commercial_turnaround_or_unprofitable_growth,2026-08-31,user_approved_cohort_reorganization_20260830
XFOR,early_clinical_speculative_or_single_asset_pipeline,commercial_turnaround_or_unprofitable_growth,2026-08-31,user_approved_cohort_reorganization_20260830
CRMD,commercial_profitable_quality_or_mature,commercial_turnaround_or_unprofitable_growth,2026-08-31,user_approved_cohort_reorganization_20260830
EOLS,commercial_profitable_quality_or_mature,commercial_turnaround_or_unprofitable_growth,2026-08-31,user_approved_cohort_reorganization_20260830
IMCR,commercial_profitable_quality_or_mature,commercial_turnaround_or_unprofitable_growth,2026-08-31,user_approved_cohort_reorganization_20260830
TGTX,commercial_profitable_quality_or_mature,commercial_turnaround_or_unprofitable_growth,2026-08-31,user_approved_cohort_reorganization_20260830
QTTB,platform_partnered_modality_pipeline,early_clinical_speculative_or_single_asset_pipeline,2026-08-31,user_approved_cohort_reorganization_20260830
SION,platform_partnered_modality_pipeline,early_clinical_speculative_or_single_asset_pipeline,2026-08-31,user_approved_cohort_reorganization_20260830
STTK,platform_partnered_modality_pipeline,early_clinical_speculative_or_single_asset_pipeline,2026-08-31,user_approved_cohort_reorganization_20260830
ZURA,platform_partnered_modality_pipeline,early_clinical_speculative_or_single_asset_pipeline,2026-08-31,user_approved_cohort_reorganization_20260830
ANAB,commercial_turnaround_or_unprofitable_growth,late_clinical_pivotal_or_registrational,2026-08-31,user_approved_cohort_reorganization_20260830
AGEN,platform_partnered_modality_pipeline,late_clinical_pivotal_or_registrational,2026-08-31,user_approved_cohort_reorganization_20260830
ALLO,platform_partnered_modality_pipeline,late_clinical_pivotal_or_registrational,2026-08-31,user_approved_cohort_reorganization_20260830
BCAX,platform_partnered_modality_pipeline,late_clinical_pivotal_or_registrational,2026-08-31,user_approved_cohort_reorganization_20260830
CABA,platform_partnered_modality_pipeline,late_clinical_pivotal_or_registrational,2026-08-31,user_approved_cohort_reorganization_20260830
CADL,platform_partnered_modality_pipeline,late_clinical_pivotal_or_registrational,2026-08-31,user_approved_cohort_reorganization_20260830
ELDN,platform_partnered_modality_pipeline,late_clinical_pivotal_or_registrational,2026-08-31,user_approved_cohort_reorganization_20260830
ENGN,platform_partnered_modality_pipeline,late_clinical_pivotal_or_registrational,2026-08-31,user_approved_cohort_reorganization_20260830
ENTX,platform_partnered_modality_pipeline,late_clinical_pivotal_or_registrational,2026-08-31,user_approved_cohort_reorganization_20260830
GPCR,platform_partnered_modality_pipeline,late_clinical_pivotal_or_registrational,2026-08-31,user_approved_cohort_reorganization_20260830
IMNM,platform_partnered_modality_pipeline,late_clinical_pivotal_or_registrational,2026-08-31,user_approved_cohort_reorganization_20260830
IMNN,platform_partnered_modality_pipeline,late_clinical_pivotal_or_registrational,2026-08-31,user_approved_cohort_reorganization_20260830
INBX,platform_partnered_modality_pipeline,late_clinical_pivotal_or_registrational,2026-08-31,user_approved_cohort_reorganization_20260830
KYTX,platform_partnered_modality_pipeline,late_clinical_pivotal_or_registrational,2026-08-31,user_approved_cohort_reorganization_20260830
LXEO,platform_partnered_modality_pipeline,late_clinical_pivotal_or_registrational,2026-08-31,user_approved_cohort_reorganization_20260830
NBTX,platform_partnered_modality_pipeline,late_clinical_pivotal_or_registrational,2026-08-31,user_approved_cohort_reorganization_20260830
NGNE,platform_partnered_modality_pipeline,late_clinical_pivotal_or_registrational,2026-08-31,user_approved_cohort_reorganization_20260830
NUVL,platform_partnered_modality_pipeline,late_clinical_pivotal_or_registrational,2026-08-31,user_approved_cohort_reorganization_20260830
ONCY,platform_partnered_modality_pipeline,late_clinical_pivotal_or_registrational,2026-08-31,user_approved_cohort_reorganization_20260830
RLAY,platform_partnered_modality_pipeline,late_clinical_pivotal_or_registrational,2026-08-31,user_approved_cohort_reorganization_20260830
RNAC,platform_partnered_modality_pipeline,late_clinical_pivotal_or_registrational,2026-08-31,user_approved_cohort_reorganization_20260830
SGMT,platform_partnered_modality_pipeline,late_clinical_pivotal_or_registrational,2026-08-31,user_approved_cohort_reorganization_20260830
SMMT,platform_partnered_modality_pipeline,late_clinical_pivotal_or_registrational,2026-08-31,user_approved_cohort_reorganization_20260830
SRRK,platform_partnered_modality_pipeline,late_clinical_pivotal_or_registrational,2026-08-31,user_approved_cohort_reorganization_20260830
TSHA,platform_partnered_modality_pipeline,late_clinical_pivotal_or_registrational,2026-08-31,user_approved_cohort_reorganization_20260830
UPB,platform_partnered_modality_pipeline,late_clinical_pivotal_or_registrational,2026-08-31,user_approved_cohort_reorganization_20260830
VKTX,platform_partnered_modality_pipeline,late_clinical_pivotal_or_registrational,2026-08-31,user_approved_cohort_reorganization_20260830
VTVT,platform_partnered_modality_pipeline,late_clinical_pivotal_or_registrational,2026-08-31,user_approved_cohort_reorganization_20260830
ZBIO,platform_partnered_modality_pipeline,late_clinical_pivotal_or_registrational,2026-08-31,user_approved_cohort_reorganization_20260830
ZNTL,platform_partnered_modality_pipeline,late_clinical_pivotal_or_registrational,2026-08-31,user_approved_cohort_reorganization_20260830
ALDX,early_clinical_speculative_or_single_asset_pipeline,late_clinical_pivotal_or_registrational,2026-08-31,user_approved_cohort_reorganization_20260830
ALMS,early_clinical_speculative_or_single_asset_pipeline,late_clinical_pivotal_or_registrational,2026-08-31,user_approved_cohort_reorganization_20260830
AQST,early_clinical_speculative_or_single_asset_pipeline,late_clinical_pivotal_or_registrational,2026-08-31,user_approved_cohort_reorganization_20260830
AURA,early_clinical_speculative_or_single_asset_pipeline,late_clinical_pivotal_or_registrational,2026-08-31,user_approved_cohort_reorganization_20260830
BHVN,early_clinical_speculative_or_single_asset_pipeline,late_clinical_pivotal_or_registrational,2026-08-31,user_approved_cohort_reorganization_20260830
CAPR,early_clinical_speculative_or_single_asset_pipeline,late_clinical_pivotal_or_registrational,2026-08-31,user_approved_cohort_reorganization_20260830
CGON,early_clinical_speculative_or_single_asset_pipeline,late_clinical_pivotal_or_registrational,2026-08-31,user_approved_cohort_reorganization_20260830
CMPX,early_clinical_speculative_or_single_asset_pipeline,late_clinical_pivotal_or_registrational,2026-08-31,user_approved_cohort_reorganization_20260830
COGT,early_clinical_speculative_or_single_asset_pipeline,late_clinical_pivotal_or_registrational,2026-08-31,user_approved_cohort_reorganization_20260830
CRVS,early_clinical_speculative_or_single_asset_pipeline,late_clinical_pivotal_or_registrational,2026-08-31,user_approved_cohort_reorganization_20260830
DYN,early_clinical_speculative_or_single_asset_pipeline,late_clinical_pivotal_or_registrational,2026-08-31,user_approved_cohort_reorganization_20260830
HURA,early_clinical_speculative_or_single_asset_pipeline,late_clinical_pivotal_or_registrational,2026-08-31,user_approved_cohort_reorganization_20260830
IRON,early_clinical_speculative_or_single_asset_pipeline,late_clinical_pivotal_or_registrational,2026-08-31,user_approved_cohort_reorganization_20260830
MDWD,early_clinical_speculative_or_single_asset_pipeline,late_clinical_pivotal_or_registrational,2026-08-31,user_approved_cohort_reorganization_20260830
MLYS,early_clinical_speculative_or_single_asset_pipeline,late_clinical_pivotal_or_registrational,2026-08-31,user_approved_cohort_reorganization_20260830
NKTR,early_clinical_speculative_or_single_asset_pipeline,late_clinical_pivotal_or_registrational,2026-08-31,user_approved_cohort_reorganization_20260830
OCUL,early_clinical_speculative_or_single_asset_pipeline,late_clinical_pivotal_or_registrational,2026-08-31,user_approved_cohort_reorganization_20260830
OLMA,early_clinical_speculative_or_single_asset_pipeline,late_clinical_pivotal_or_registrational,2026-08-31,user_approved_cohort_reorganization_20260830
PYPD,early_clinical_speculative_or_single_asset_pipeline,late_clinical_pivotal_or_registrational,2026-08-31,user_approved_cohort_reorganization_20260830
RZLT,early_clinical_speculative_or_single_asset_pipeline,late_clinical_pivotal_or_registrational,2026-08-31,user_approved_cohort_reorganization_20260830
SLS,early_clinical_speculative_or_single_asset_pipeline,late_clinical_pivotal_or_registrational,2026-08-31,user_approved_cohort_reorganization_20260830
UNCY,early_clinical_speculative_or_single_asset_pipeline,late_clinical_pivotal_or_registrational,2026-08-31,user_approved_cohort_reorganization_20260830
SLGL,commercial_profitable_quality_or_mature,late_clinical_pivotal_or_registrational,2026-08-31,user_approved_cohort_reorganization_20260830
XNCR,late_clinical_pivotal_or_registrational,platform_partnered_modality_pipeline,2026-08-31,user_approved_cohort_reorganization_20260830
CDXS,late_clinical_pivotal_or_registrational,platform_partnered_modality_pipeline,2026-08-31,user_approved_cohort_reorganization_20260830
CTMX,commercial_turnaround_or_unprofitable_growth,platform_partnered_modality_pipeline,2026-08-31,user_approved_cohort_reorganization_20260830
ARCT,commercial_turnaround_or_unprofitable_growth,platform_partnered_modality_pipeline,2026-08-31,user_approved_cohort_reorganization_20260830
MGNX,commercial_turnaround_or_unprofitable_growth,platform_partnered_modality_pipeline,2026-08-31,user_approved_cohort_reorganization_20260830
GLUE,early_clinical_speculative_or_single_asset_pipeline,platform_partnered_modality_pipeline,2026-08-31,user_approved_cohort_reorganization_20260830
PTGX,early_clinical_speculative_or_single_asset_pipeline,platform_partnered_modality_pipeline,2026-08-31,user_approved_cohort_reorganization_20260830
ABUS,commercial_profitable_quality_or_mature,platform_partnered_modality_pipeline,2026-08-31,user_approved_cohort_reorganization_20260830
