"ticker","company_name","calibration_cohort","include_in_universe","reason","valid_from","valid_to","reviewed_at"
"BFLY","Butterfly Network","capital_equipment_procedure_platforms","true","taxonomy_redesign_capital_equipment_procedure_platforms_2026_06_06","2026-06-06","","2026-06-26"
"CBLL","CeriBell","capital_equipment_procedure_platforms","true","historical_taxonomy_correction_2026_08_30_from_capital_equipment_procedure_platforms_to_capital_equipment_procedure_platforms","2024-10-11","","2026-08-30"
"GEHC","GE HealthCare","capital_equipment_procedure_platforms","true","taxonomy_redesign_capital_equipment_procedure_platforms_2026_06_06","2026-06-06","","2026-06-26"
"ISRG","Intuitive Surgical","capital_equipment_procedure_platforms","true","taxonomy_redesign_fold_surgical_robotics_into_procedure_platforms_2026_06_06","2026-06-06","","2026-06-26"
"MASI","Masimo","capital_equipment_procedure_platforms","true","taxonomy_redesign_capital_equipment_procedure_platforms_2026_06_06","2026-06-06","","2026-06-26"
"MDAI","Spectral AI","emerging_single_product_medtech_platforms","true","historical_taxonomy_correction_2026_08_30_from_capital_equipment_procedure_platforms_to_emerging_single_product_medtech_platforms","2021-04-06","","2026-08-30"
"OWLT","Owlet","home_chronic_care_devices_dme_drug_delivery","true","historical_taxonomy_correction_2026_08_30_from_capital_equipment_procedure_platforms_to_home_chronic_care_devices_dme_drug_delivery","2020-11-05","","2026-08-30"
"PHG","Philips","capital_equipment_procedure_platforms","true","taxonomy_redesign_capital_equipment_procedure_platforms_2026_06_06","2026-06-06","","2026-06-26"
"PRCT","Procept BioRobotics","capital_equipment_procedure_platforms","true","taxonomy_redesign_fold_surgical_robotics_into_procedure_platforms_2026_06_06","2026-06-06","","2026-06-26"
"STIM","Neuronetics","capital_equipment_procedure_platforms","true","taxonomy_redesign_office_based_therapeutic_capital_platform_2026_06_06","2026-06-06","","2026-06-26"
"TMDX","TransMedics","capital_equipment_procedure_platforms","true","taxonomy_redesign_transplant_organ_perfusion_platform_forced_capital_fallback_2026_06_06","2026-06-06","","2026-06-26"
"VREX","Varex Imaging","capital_equipment_procedure_platforms","false","sector_scope_exclusion_2026_08_30_preserve_facts_remove_from_med_device_scoring","2026-06-06","","2026-08-30"
"AHCO","AdaptHealth","home_chronic_care_devices_dme_drug_delivery","true","taxonomy_redesign_home_dme_services_2026_06_06","2026-06-06","","2026-06-26"
"DXCM","DexCom","home_chronic_care_devices_dme_drug_delivery","true","taxonomy_redesign_home_chronic_care_drug_delivery_2026_06_06","2026-06-06","","2026-06-26"
"ELMD","Electromed","home_chronic_care_devices_dme_drug_delivery","true","taxonomy_redesign_home_chronic_care_drug_delivery_2026_06_06","2026-06-06","","2026-06-26"
"EMBC","Embecta","home_chronic_care_devices_dme_drug_delivery","true","taxonomy_redesign_home_chronic_care_drug_delivery_2026_06_06","2026-06-06","","2026-06-26"
"INFU","InfuSystem","home_chronic_care_devices_dme_drug_delivery","true","taxonomy_redesign_home_chronic_care_drug_delivery_2026_06_06","2026-06-06","","2026-06-26"
"INGN","Inogen","home_chronic_care_devices_dme_drug_delivery","true","taxonomy_redesign_home_chronic_care_drug_delivery_2026_06_06","2026-06-06","","2026-06-26"
"KRMD","KORU Medical Systems","home_chronic_care_devices_dme_drug_delivery","true","taxonomy_redesign_new_ticker_home_chronic_drug_delivery_2026_06_06","2026-06-06","","2026-06-26"
"PODD","Insulet","home_chronic_care_devices_dme_drug_delivery","true","taxonomy_redesign_home_chronic_care_drug_delivery_2026_06_06","2026-06-06","","2026-06-26"
"RMD","ResMed","home_chronic_care_devices_dme_drug_delivery","true","taxonomy_redesign_home_chronic_care_drug_delivery_2026_06_06","2026-06-06","","2026-06-26"
"SENS","Senseonics","home_chronic_care_devices_dme_drug_delivery","true","taxonomy_redesign_home_chronic_care_drug_delivery_2026_06_06","2026-06-06","","2026-06-26"
"TCMD","Tactile Medical","home_chronic_care_devices_dme_drug_delivery","true","taxonomy_redesign_home_chronic_care_drug_delivery_2026_06_06","2026-06-06","","2026-06-26"
"TNDM","Tandem Diabetes Care","home_chronic_care_devices_dme_drug_delivery","true","taxonomy_redesign_home_chronic_care_drug_delivery_2026_06_06","2026-06-06","","2026-06-26"
"VMD","Viemed Healthcare","home_chronic_care_devices_dme_drug_delivery","true","taxonomy_redesign_home_resp_dme_services_2026_06_06","2026-06-06","","2026-06-26"
"ADPT","Adaptive Biotechnologies","diagnostics_clinical_tests","true","taxonomy_redesign_diagnostics_cleaned_2026_06_06","2026-06-06","","2026-06-26"
"BDSX","Biodesix","diagnostics_clinical_tests","true","taxonomy_redesign_diagnostics_cleaned_2026_06_06","2026-06-06","","2026-06-26"
"BIAF","bioAffinity Technologies","diagnostics_clinical_tests","true","taxonomy_redesign_diagnostics_cleaned_2026_06_06","2026-06-06","","2026-06-26"
"CDNA","CareDx","diagnostics_clinical_tests","true","taxonomy_redesign_diagnostics_cleaned_2026_06_06","2026-06-06","","2026-06-26"
"CODX","Co-Diagnostics","diagnostics_clinical_tests","true","taxonomy_redesign_diagnostics_cleaned_2026_06_06","2026-06-06","","2026-06-26"
"CSTL","Castle Biosciences","diagnostics_clinical_tests","true","taxonomy_redesign_diagnostics_cleaned_2026_06_06","2026-06-06","","2026-06-26"
"GH","Guardant Health","diagnostics_clinical_tests","true","taxonomy_redesign_diagnostics_cleaned_2026_06_06","2026-06-06","","2026-06-26"
"GRAL","GRAIL","diagnostics_clinical_tests","true","taxonomy_redesign_diagnostics_cleaned_2026_06_06","2026-06-06","","2026-06-26"
"IDXX","IDEXX Laboratories","diagnostics_clinical_tests","true","historical_taxonomy_correction_2026_08_30_from_diagnostics_clinical_tests_to_diagnostics_clinical_tests","2000-01-03","","2026-08-30"
"IMDX","Insight Molecular Diagnostics","diagnostics_clinical_tests","true","taxonomy_redesign_diagnostics_cleaned_2026_06_06","2026-06-06","","2026-06-26"
"IRTC","iRhythm Technologies","diagnostics_clinical_tests","true","taxonomy_redesign_cardiac_diagnostic_monitoring_2026_06_06","2026-06-06","","2026-06-26"
"MYGN","Myriad Genetics","diagnostics_clinical_tests","true","taxonomy_redesign_diagnostics_cleaned_2026_06_06","2026-06-06","","2026-06-26"
"NEO","NeoGenomics","diagnostics_clinical_tests","true","taxonomy_redesign_diagnostics_cleaned_2026_06_06","2026-06-06","","2026-06-26"
"NEOG","Neogen","diagnostics_clinical_tests","false","sector_scope_exclusion_2026_08_30_preserve_facts_remove_from_med_device_scoring","2026-06-06","","2026-08-30"
"NTRA","Natera","diagnostics_clinical_tests","true","taxonomy_redesign_diagnostics_cleaned_2026_06_06","2026-06-06","","2026-06-26"
"OSUR","OraSure Technologies","diagnostics_clinical_tests","true","taxonomy_redesign_diagnostics_cleaned_2026_06_06","2026-06-06","","2026-06-26"
"PSNL","Personalis","diagnostics_clinical_tests","true","taxonomy_redesign_diagnostics_cleaned_2026_06_06","2026-06-06","","2026-06-26"
"QDEL","QuidelOrtho","diagnostics_clinical_tests","true","taxonomy_redesign_diagnostics_cleaned_2026_06_06","2026-06-06","","2026-06-26"
"VCYT","Veracyte","diagnostics_clinical_tests","true","taxonomy_redesign_diagnostics_cleaned_2026_06_06","2026-06-06","","2026-06-26"
"VNRX","VolitionRx","diagnostics_clinical_tests","true","taxonomy_redesign_diagnostics_cleaned_2026_06_06","2026-06-06","","2026-06-26"
"WGS","GeneDx","diagnostics_clinical_tests","true","taxonomy_redesign_diagnostics_cleaned_2026_06_06","2026-06-06","","2026-06-26"
"XGN","Exagen","diagnostics_clinical_tests","true","taxonomy_redesign_diagnostics_cleaned_2026_06_06","2026-06-06","","2026-06-26"
"CRL","Charles River Laboratories","healthcare_services_cro_lab_services","true","taxonomy_redesign_services_cro_lab_services_2026_06_06","2026-06-06","","2026-06-26"
"DGX","Quest Diagnostics","healthcare_services_cro_lab_services","true","taxonomy_redesign_lab_services_2026_06_06","2026-06-06","","2026-06-26"
"FMS","Fresenius Medical Care","healthcare_services_cro_lab_services","true","taxonomy_redesign_services_cro_lab_services_2026_06_06","2026-06-06","","2026-06-26"
"IQV","IQVIA","healthcare_services_cro_lab_services","true","taxonomy_redesign_services_cro_lab_services_2026_06_06","2026-06-06","","2026-06-26"
"LH","Labcorp","healthcare_services_cro_lab_services","true","taxonomy_redesign_lab_services_2026_06_06","2026-06-06","","2026-06-26"
"MEDP","Medpace","healthcare_services_cro_lab_services","true","taxonomy_redesign_services_cro_lab_services_2026_06_06","2026-06-06","","2026-06-26"
"OPK","OPKO Health","healthcare_services_cro_lab_services","true","taxonomy_redesign_lab_services_2026_06_06","2026-06-06","","2026-06-26"
"RDNT","RadNet","healthcare_services_cro_lab_services","true","taxonomy_redesign_outpatient_imaging_services_2026_06_06","2026-06-06","","2026-06-26"
"SHC","Sotera Health","healthcare_services_cro_lab_services","true","taxonomy_redesign_sterilization_lab_testing_services_2026_06_06","2026-06-06","","2026-06-26"
"XWEL","XWELL","healthcare_services_cro_lab_services","false","sector_scope_exclusion_2026_08_30_preserve_facts_remove_from_med_device_scoring","2026-06-06","","2026-08-30"
"ATR","AptarGroup","hospital_supplies_surgical_consumables_oem","true","taxonomy_redesign_drug_delivery_packaging_forced_supplies_fallback_2026_06_06","2026-06-06","","2026-06-26"
"AVNS","Avanos Medical","hospital_supplies_surgical_consumables_oem","true","taxonomy_redesign_supplies_consumables_oem_2026_06_06","2026-06-06","","2026-06-26"
"AXGN","Axogen","hospital_supplies_surgical_consumables_oem","true","taxonomy_redesign_surgical_biologics_regenerative_forced_supplies_fallback_2026_06_06","2026-06-06","","2026-06-26"
"BAX","Baxter","hospital_supplies_surgical_consumables_oem","true","taxonomy_redesign_supplies_consumables_oem_2026_06_06","2026-06-06","","2026-06-26"
"BDX","Becton Dickinson","hospital_supplies_surgical_consumables_oem","true","taxonomy_redesign_supplies_consumables_oem_2026_06_06","2026-06-06","","2026-06-26"
"CERS","Cerus","hospital_supplies_surgical_consumables_oem","true","taxonomy_redesign_supplies_consumables_oem_2026_06_06","2026-06-06","","2026-06-26"
"FEED","Feeders Pet Supply","emerging_single_product_medtech_platforms","true","historical_taxonomy_correction_2026_08_30_from_hospital_supplies_surgical_consumables_oem_to_emerging_single_product_medtech_platforms","2015-05-28","","2026-08-30"
"HAE","Haemonetics","hospital_supplies_surgical_consumables_oem","true","taxonomy_redesign_blood_management_supplies_2026_06_06","2026-06-06","","2026-06-26"
"IART","Integra LifeSciences","hospital_supplies_surgical_consumables_oem","true","taxonomy_redesign_neurosurgical_instruments_tissue_surgical_supplies_2026_06_06","2026-06-06","","2026-06-26"
"ICUI","ICU Medical","hospital_supplies_surgical_consumables_oem","true","taxonomy_redesign_supplies_consumables_oem_2026_06_06","2026-06-06","","2026-06-26"
"ITGR","Integer Holdings","hospital_supplies_surgical_consumables_oem","true","taxonomy_redesign_contract_manufacturing_components_forced_supplies_fallback_2026_06_06","2026-06-06","","2026-06-26"
"MDLN","Medline","hospital_supplies_surgical_consumables_oem","true","taxonomy_redesign_supplies_consumables_oem_2026_06_06","2026-06-06","","2026-06-26"
"PDEX","Pro-Dex","hospital_supplies_surgical_consumables_oem","true","taxonomy_redesign_contract_manufacturing_components_forced_supplies_fallback_2026_06_06","2026-06-06","","2026-06-26"
"RCEL","AVITA Medical","hospital_supplies_surgical_consumables_oem","true","taxonomy_redesign_surgical_biologics_wound_regenerative_2026_06_06","2026-06-06","","2026-06-26"
"SMTI","Sanara MedTech","hospital_supplies_surgical_consumables_oem","true","taxonomy_redesign_supplies_consumables_oem_2026_06_06","2026-06-06","","2026-06-26"
"SOLV","Solventum","hospital_supplies_surgical_consumables_oem","true","taxonomy_redesign_supplies_consumables_oem_2026_06_06","2026-06-06","","2026-06-26"
"STE","Steris","hospital_supplies_surgical_consumables_oem","true","taxonomy_redesign_supplies_consumables_oem_2026_06_06","2026-06-06","","2026-06-26"
"TFX","Teleflex","hospital_supplies_surgical_consumables_oem","true","taxonomy_redesign_supplies_consumables_oem_2026_06_06","2026-06-06","","2026-06-26"
"UFPT","UFP Technologies","hospital_supplies_surgical_consumables_oem","true","taxonomy_redesign_contract_manufacturing_components_forced_supplies_fallback_2026_06_06","2026-06-06","","2026-06-26"
"WST","West Pharmaceutical Services","hospital_supplies_surgical_consumables_oem","true","taxonomy_redesign_supplies_consumables_oem_2026_06_06","2026-06-06","","2026-06-26"
"ABT","Abbott Laboratories","implantable_interventional_devices_direct_payment","true","taxonomy_redesign_true_implantable_interventional_direct_payment_2026_06_06","2026-06-06","","2026-06-26"
"ANGO","AngioDynamics","implantable_interventional_devices_direct_payment","true","taxonomy_redesign_true_implantable_interventional_direct_payment_2026_06_06","2026-06-06","","2026-06-26"
"AORT","Artivion","implantable_interventional_devices_direct_payment","true","taxonomy_redesign_true_implantable_interventional_direct_payment_2026_06_06","2026-06-06","","2026-06-26"
"ATRC","AtriCure","implantable_interventional_devices_direct_payment","true","taxonomy_redesign_true_implantable_interventional_direct_payment_2026_06_06","2026-06-06","","2026-06-26"
"AVR","Anteris Technologies","emerging_single_product_medtech_platforms","true","historical_taxonomy_correction_2026_08_30_from_implantable_interventional_devices_direct_payment_to_emerging_single_product_medtech_platforms","2024-12-13","","2026-08-30"
"BSX","Boston Scientific","implantable_interventional_devices_direct_payment","true","taxonomy_redesign_true_implantable_interventional_direct_payment_2026_06_06","2026-06-06","","2026-06-26"
"CLPT","ClearPoint Neuro","implantable_interventional_devices_direct_payment","true","taxonomy_redesign_true_implantable_interventional_direct_payment_2026_06_06","2026-06-06","","2026-06-26"
"CVRX","CVRx","implantable_interventional_devices_direct_payment","true","taxonomy_redesign_true_implantable_interventional_direct_payment_2026_06_06","2026-06-06","","2026-06-26"
"EW","Edwards Lifesciences","implantable_interventional_devices_direct_payment","true","taxonomy_redesign_true_implantable_interventional_direct_payment_2026_06_06","2026-06-06","","2026-06-26"
"INSP","Inspire Medical Systems","implantable_interventional_devices_direct_payment","true","taxonomy_redesign_true_implantable_interventional_direct_payment_2026_06_06","2026-06-06","","2026-06-26"
"LIVN","LivaNova","implantable_interventional_devices_direct_payment","true","taxonomy_redesign_true_implantable_interventional_direct_payment_2026_06_06","2026-06-06","","2026-06-26"
"LMAT","LeMaitre Vascular","implantable_interventional_devices_direct_payment","true","taxonomy_redesign_true_implantable_interventional_direct_payment_2026_06_06","2026-06-06","","2026-06-26"
"MDT","Medtronic","implantable_interventional_devices_direct_payment","true","taxonomy_redesign_true_implantable_interventional_direct_payment_2026_06_06","2026-06-06","","2026-06-26"
"MMSI","Merit Medical Systems","implantable_interventional_devices_direct_payment","true","taxonomy_redesign_true_implantable_interventional_direct_payment_2026_06_06","2026-06-06","","2026-06-26"
"NPCE","NeuroPace","implantable_interventional_devices_direct_payment","true","taxonomy_redesign_true_implantable_interventional_direct_payment_2026_06_06","2026-06-06","","2026-06-26"
"PEN","Penumbra","implantable_interventional_devices_direct_payment","false","pending_boston_scientific_acquisition_remove_from_active_universe_2026_06_26","2026-06-26","","2026-06-26"
"ALGN","Align Technology","elective_vision_dental_aesthetic_devices","true","taxonomy_redesign_elective_vision_dental_aesthetic_2026_06_06","2026-06-06","","2026-06-26"
"BLCO","Bausch + Lomb","elective_vision_dental_aesthetic_devices","true","taxonomy_redesign_elective_vision_dental_aesthetic_2026_06_06","2026-06-06","","2026-06-26"
"COO","The Cooper Companies","elective_vision_dental_aesthetic_devices","true","taxonomy_redesign_elective_vision_dental_aesthetic_2026_06_06","2026-06-06","","2026-06-26"
"ESTA","Establishment Labs","elective_vision_dental_aesthetic_devices","true","taxonomy_redesign_elective_vision_dental_aesthetic_2026_06_06","2026-06-06","","2026-06-26"
"GKOS","Glaukos","elective_vision_dental_aesthetic_devices","true","taxonomy_redesign_elective_vision_dental_aesthetic_2026_06_06","2026-06-06","","2026-06-26"
"NVST","Envista","elective_vision_dental_aesthetic_devices","true","taxonomy_redesign_elective_vision_dental_aesthetic_2026_06_06","2026-06-06","","2026-06-26"
"RXST","RxSight","elective_vision_dental_aesthetic_devices","true","taxonomy_redesign_elective_vision_dental_aesthetic_2026_06_06","2026-06-06","","2026-06-26"
"SGHT","Sight Sciences","elective_vision_dental_aesthetic_devices","true","taxonomy_redesign_elective_vision_dental_aesthetic_2026_06_06","2026-06-06","","2026-06-26"
"WRBY","Warby Parker","elective_vision_dental_aesthetic_devices","false","sector_scope_exclusion_2026_08_30_preserve_facts_remove_from_med_device_scoring","2026-06-06","","2026-08-30"
"XRAY","DENTSPLY SIRONA","elective_vision_dental_aesthetic_devices","true","taxonomy_redesign_elective_vision_dental_aesthetic_2026_06_06","2026-06-06","","2026-06-26"
"CATX","Perspective Therapeutics","emerging_single_product_medtech_platforms","false","sector_scope_exclusion_2026_08_30_preserve_facts_remove_from_med_device_scoring","2026-06-06","","2026-08-30"
"DCTH","Delcath Systems","emerging_single_product_medtech_platforms","true","historical_taxonomy_correction_2026_08_30_from_emerging_single_product_medtech_platforms_to_emerging_single_product_medtech_platforms","2018-05-03","","2026-08-30"
"GCTK","GlucoTrack","emerging_single_product_medtech_platforms","true","taxonomy_redesign_binary_emerging_implantable_glucose_monitoring_2026_06_06","2026-06-06","","2026-06-26"
"MBOT","Microbot Medical","emerging_single_product_medtech_platforms","true","historical_taxonomy_correction_2026_08_30_from_emerging_single_product_medtech_platforms_to_emerging_single_product_medtech_platforms","2000-01-03","","2026-08-30"
"NVCR","NovoCure","home_chronic_care_devices_dme_drug_delivery","true","historical_taxonomy_correction_2026_08_30_from_emerging_single_product_medtech_platforms_to_home_chronic_care_devices_dme_drug_delivery","2015-10-01","","2026-08-30"
"PLSE","Pulse Biosciences","emerging_single_product_medtech_platforms","true","taxonomy_redesign_surgical_energy_ablation_platform_2026_06_06","2026-06-06","","2026-06-26"
"PROF","Profound Medical","capital_equipment_procedure_platforms","true","historical_taxonomy_correction_2026_08_30_from_emerging_single_product_medtech_platforms_to_capital_equipment_procedure_platforms","2019-10-29","","2026-08-30"
"SNWV","Sanuwave Health","emerging_single_product_medtech_platforms","true","taxonomy_redesign_binary_wound_therapy_platform_2026_06_06","2026-06-06","","2026-06-26"
"TLSI","TriSalus Life Sciences","emerging_single_product_medtech_platforms","true","historical_taxonomy_correction_2026_08_30_from_emerging_single_product_medtech_platforms_to_emerging_single_product_medtech_platforms","2021-02-08","","2026-08-30"
"VTAK","Catheter Precision","emerging_single_product_medtech_platforms","false","sector_scope_exclusion_2026_08_30_preserve_facts_remove_from_med_device_scoring","2026-06-06","","2026-08-30"
"A","Agilent Technologies","life_science_tools_research_instruments","true","taxonomy_redesign_life_science_tools_cleaned_2026_06_06","2026-06-06","","2026-06-26"
"AVTR","Avantor","life_science_tools_research_instruments","true","taxonomy_redesign_life_science_tools_cleaned_2026_06_06","2026-06-06","","2026-06-26"
"AZTA","Azenta","life_science_tools_research_instruments","true","taxonomy_redesign_life_science_tools_cleaned_2026_06_06","2026-06-06","","2026-06-26"
"BIO","Bio-Rad Laboratories","life_science_tools_research_instruments","true","taxonomy_redesign_life_science_tools_cleaned_2026_06_06","2026-06-06","","2026-06-26"
"BLFS","BioLife Solutions","life_science_tools_research_instruments","true","taxonomy_redesign_life_science_tools_cleaned_2026_06_06","2026-06-06","","2026-06-26"
"BRKR","Bruker","life_science_tools_research_instruments","true","taxonomy_redesign_life_science_tools_cleaned_2026_06_06","2026-06-06","","2026-06-26"
"CTKB","Cytek Biosciences","life_science_tools_research_instruments","true","taxonomy_redesign_life_science_tools_cleaned_2026_06_06","2026-06-06","","2026-06-26"
"DHR","Danaher","life_science_tools_research_instruments","true","taxonomy_redesign_life_science_tools_cleaned_2026_06_06","2026-06-06","","2026-06-26"
"ILMN","Illumina","life_science_tools_research_instruments","true","taxonomy_redesign_life_science_tools_cleaned_2026_06_06","2026-06-06","","2026-06-26"
"LAB","Standard BioTools","life_science_tools_research_instruments","true","taxonomy_redesign_life_science_tools_cleaned_2026_06_06","2026-06-06","","2026-06-26"
"MASS","908 Devices","life_science_tools_research_instruments","false","sector_scope_exclusion_2026_08_30_preserve_facts_remove_from_med_device_scoring","2026-06-06","","2026-08-30"
"MTD","Mettler-Toledo","life_science_tools_research_instruments","true","taxonomy_redesign_life_science_tools_cleaned_2026_06_06","2026-06-06","","2026-06-26"
"PACB","Pacific Biosciences","life_science_tools_research_instruments","true","taxonomy_redesign_life_science_tools_cleaned_2026_06_06","2026-06-06","","2026-06-26"
"QSI","Quantum-Si","life_science_tools_research_instruments","true","taxonomy_redesign_life_science_tools_cleaned_2026_06_06","2026-06-06","","2026-06-26"
"QTRX","Quanterix","life_science_tools_research_instruments","true","taxonomy_redesign_life_science_tools_cleaned_2026_06_06","2026-06-06","","2026-06-26"
"RGEN","Repligen","life_science_tools_research_instruments","true","taxonomy_redesign_life_science_tools_cleaned_2026_06_06","2026-06-06","","2026-06-26"
"RVTY","Revvity","life_science_tools_research_instruments","true","taxonomy_redesign_life_science_tools_cleaned_2026_06_06","2026-06-06","","2026-06-26"
"TMO","Thermo Fisher Scientific","life_science_tools_research_instruments","true","taxonomy_redesign_life_science_tools_cleaned_2026_06_06","2026-06-06","","2026-06-26"
"TWST","Twist Bioscience","life_science_tools_research_instruments","true","taxonomy_redesign_life_science_tools_cleaned_2026_06_06","2026-06-06","","2026-06-26"
"WAT","Waters","life_science_tools_research_instruments","true","taxonomy_redesign_life_science_tools_cleaned_2026_06_06","2026-06-06","","2026-06-26"
"ATEC","Alphatec Holdings","orthopedics_spine_sports_implants","true","taxonomy_redesign_orthopedics_spine_sports_implants_2026_06_06","2026-06-06","","2026-06-26"
"BVS","Bioventus","orthopedics_spine_sports_implants","true","taxonomy_redesign_orthopedics_spine_sports_implants_2026_06_06","2026-06-06","","2026-06-26"
"CNMD","CONMED","hospital_supplies_surgical_consumables_oem","true","historical_taxonomy_correction_2026_08_30_from_orthopedics_spine_sports_implants_to_hospital_supplies_surgical_consumables_oem","2000-01-03","","2026-08-30"
"ENOV","Enovis","orthopedics_spine_sports_implants","true","taxonomy_redesign_orthopedics_spine_sports_implants_2026_06_06","2026-06-06","","2026-06-26"
"GMED","Globus Medical","orthopedics_spine_sports_implants","true","taxonomy_redesign_orthopedics_spine_sports_implants_2026_06_06","2026-06-06","","2026-06-26"
"KIDS","OrthoPediatrics","orthopedics_spine_sports_implants","true","taxonomy_redesign_orthopedics_spine_sports_implants_2026_06_06","2026-06-06","","2026-06-26"
"OFIX","Orthofix Medical","orthopedics_spine_sports_implants","true","taxonomy_redesign_orthopedics_spine_sports_implants_2026_06_06","2026-06-06","","2026-06-26"
"SIBN","SI-BONE","orthopedics_spine_sports_implants","true","taxonomy_redesign_orthopedics_spine_sports_implants_2026_06_06","2026-06-06","","2026-06-26"
"SYK","Stryker","orthopedics_spine_sports_implants","true","taxonomy_redesign_orthopedics_spine_sports_implants_2026_06_06","2026-06-06","","2026-06-26"
"TMCI","Treace Medical Concepts","orthopedics_spine_sports_implants","true","taxonomy_redesign_orthopedics_spine_sports_implants_2026_06_06","2026-06-06","","2026-06-26"
"ZBH","Zimmer Biomet","orthopedics_spine_sports_implants","true","taxonomy_redesign_orthopedics_spine_sports_implants_2026_06_06","2026-06-06","","2026-06-26"
"ALMR","Alamar Biosciences, Inc.","life_science_tools_research_instruments","true","audited_ruo_proteomics_research_instrument_business_model","2026-04-17","","2026-08-21"
"LMRI","Lumexa Imaging Holdings, Inc.","healthcare_services_cro_lab_services","true","audited_outpatient_diagnostic_imaging_service_provider","2025-12-11","","2026-08-21"
"MOBI","Mobia Medical, Inc.","implantable_interventional_devices_direct_payment","true","audited_vivistim_implantable_neuromodulation_platform","2026-05-08","","2026-08-21"
"SI","Shoulder Innovations, Inc.","orthopedics_spine_sports_implants","true","audited_shoulder_arthroplasty_implant_platform","2025-07-31","","2026-08-21"
"BBNX","Beta Bionics, Inc.","home_chronic_care_devices_dme_drug_delivery","true","audited_ilet_automated_insulin_delivery_platform","2025-01-30","","2026-08-22"
"BLLN","BillionToOne, Inc.","diagnostics_clinical_tests","true","audited_centralized_prenatal_and_oncology_diagnostics","2025-11-06","","2026-08-22"
"FLGT","Fulgent Genetics, Inc.","diagnostics_clinical_tests","true","audited_centralized_genetic_and_oncology_diagnostics","2016-09-29","","2026-08-22"
"FRNM","Freenome, Inc.","diagnostics_clinical_tests","true","audited_precommercial_blood_based_cancer_screening_platform","2026-07-21","","2026-08-22"
"LNSR","LENSAR, Inc.","elective_vision_dental_aesthetic_devices","true","audited_ophthalmic_femtosecond_laser_platform","2020-10-01","","2026-08-22"
"PRPO","Precipio, Inc.","diagnostics_clinical_tests","true","audited_centralized_oncology_diagnostics_and_asr_products","2017-06-30","","2026-08-22"
"MDXG","MiMedx Group, Inc.","hospital_supplies_surgical_consumables_oem","true","safe_onboarding_verified_business_model_and_security_identity_2026_08_30","2008-04-02","","2026-08-30"
"ORGO","Organogenesis Holdings Inc.","hospital_supplies_surgical_consumables_oem","true","safe_onboarding_verified_business_model_and_security_identity_2026_08_30","2018-12-11","","2026-08-30"
"CAI","Caris Life Sciences, Inc.","diagnostics_clinical_tests","true","safe_onboarding_verified_business_model_and_security_identity_2026_08_30","2025-06-18","","2026-08-30"
"LNTH","Lantheus Holdings, Inc.","diagnostics_clinical_tests","true","safe_onboarding_verified_business_model_and_security_identity_2026_08_30","2015-06-25","","2026-08-30"
"ANIK","Anika Therapeutics, Inc.","orthopedics_spine_sports_implants","true","safe_onboarding_verified_business_model_and_security_identity_2026_08_30","1993-05-03","","2026-08-30"
"TECH","Bio-Techne Corporation","life_science_tools_research_instruments","true","safe_onboarding_verified_business_model_and_security_identity_2026_08_30","1989-02-09","","2026-08-30"
