taxonomy,concept_name,canonical_metric,financial_statement,period_type,sign_policy,priority,review_status,valid_from,reviewed_at,source,notes
ifrs-full,RevenueFromRenderingOfTransportServices,revenue,income_statement,duration,as_reported,20,reviewed,2019-01-02,2026-07-23,sec_companyfacts_raw_tag_audit,VLRS total transport-services revenue; passenger and cargo/mail concepts remain components and are not mapped as total revenue
us-gaap,PaymentsToAcquireProductiveAssets,capex,cash_flow,duration,positive_abs,20,reviewed,2019-01-02,2026-07-23,transportation_required_metric_coverage,Standard cash-flow acquisition of productive assets used as transportation capex
us-gaap,PaymentsToAcquireOtherProductiveAssets,capex,cash_flow,duration,positive_abs,25,reviewed,2019-01-02,2026-07-23,transportation_required_metric_coverage,Standard cash-flow acquisition of other productive assets used as transportation capex
us-gaap,PaymentsToAcquireOtherPropertyPlantAndEquipment,capex,cash_flow,duration,positive_abs,25,reviewed,2019-01-02,2026-07-23,transportation_required_metric_coverage,Standard cash-flow acquisition of other property plant and equipment
us-gaap,PaymentsForFlightEquipment,capex,cash_flow,duration,positive_abs,30,reviewed,2019-01-02,2026-07-23,transportation_required_metric_coverage,Transportation-specific cash payments for flight equipment
us-gaap,PaymentsToAcquireEquipmentOnLease,capex,cash_flow,duration,positive_abs,30,reviewed,2019-01-02,2026-07-23,transportation_required_metric_gap_audit,Standard cash-flow payments to acquire revenue-generating leased equipment
us-gaap,PaymentsToAcquireMachineryAndEquipment,capex,cash_flow,duration,positive_abs,30,reviewed,2019-01-02,2026-07-23,transportation_required_metric_gap_audit,Standard cash-flow acquisition of machinery and equipment
ifrs-full,PurchaseOfPropertyPlantAndEquipmentIntangibleAssetsOtherThanGoodwillInvestmentPropertyAndOtherNoncurrentAssets,capex,cash_flow,duration,positive_abs,30,reviewed,2019-01-02,2026-07-23,transportation_required_metric_coverage,IFRS cash purchases of operating noncurrent assets used as broad capex
ifrs-full,ProceedsFromCurrentBorrowings,debt_issuance_proceeds,cash_flow,duration,positive_abs,35,reviewed,2019-01-02,2026-07-23,transportation_required_metric_gap_audit,IFRS cash proceeds from current borrowings used as gross debt capital raised
